{
  "method": "distribution",
  "training_date": "2025-11-04 22:43:32",
  "training_samples": 8593,
  "parameters": {
    "air_temperature": {
      "samples": 8593,
      "forecast_mean": 13.161049691609449,
      "forecast_std": 8.573492623208857,
      "actual_mean": 13.45929593855464,
      "actual_std": 8.658943137417701,
      "scaling_factor": 1.0099668265856467,
      "mean_shift": 0.2982462469451903,
      "mae_original": 1.3670394507156987,
      "mae_calibrated": 1.3483215709320342,
      "mae_improvement_percent": 1.3692274772220303,
      "rmse_original": 1.7566564233876045,
      "rmse_calibrated": 1.7376382680856137,
      "rmse_improvement_percent": 1.0826337494793348,
      "bias_original": 0.2982462469451879,
      "bias_calibrated": -2.4169864036154695e-15
    },
    "humidity": {
      "samples": 8593,
      "forecast_mean": 74.08844408239264,
      "forecast_std": 17.405272960427148,
      "actual_mean": 73.67765506807866,
      "actual_std": 20.609728475334272,
      "scaling_factor": 1.1841083171859939,
      "mean_shift": -0.41078901431397696,
      "mae_original": 8.39073315489352,
      "mae_calibrated": 8.624571166350048,
      "mae_improvement_percent": -2.786860303383061,
      "rmse_original": 10.707288262508856,
      "rmse_calibrated": 11.108368456999093,
      "rmse_improvement_percent": -3.745861553896928,
      "bias_original": -0.41078901431397646,
      "bias_calibrated": -2.6460336953710237e-17
    },
    "irradiance": {
      "samples": 8593,
      "forecast_mean": 585.6364622367043,
      "forecast_std": 851.9591654307219,
      "actual_mean": 134.37202723146748,
      "actual_std": 215.20088246074056,
      "scaling_factor": 0.25259530173836703,
      "mean_shift": -451.26443500523686,
      "mae_original": 452.39598394041667,
      "mae_calibrated": 56.793458159876245,
      "mae_improvement_percent": 87.44607375485536,
      "rmse_original": 801.1381213418131,
      "rmse_calibrated": 90.97932828384079,
      "rmse_improvement_percent": 88.64373996690345,
      "bias_original": -451.26443500523686,
      "bias_calibrated": -2.884176727954416e-15
    },
    "pressure": {
      "samples": 8593,
      "forecast_mean": 993.5424298847901,
      "forecast_std": 7.159155612616737,
      "actual_mean": 990.6304887699289,
      "actual_std": 7.396072484242895,
      "scaling_factor": 1.033092851230756,
      "mean_shift": -2.911941114861179,
      "mae_original": 2.9121366228325387,
      "mae_calibrated": 0.53525189372015,
      "mae_improvement_percent": 81.6199593960146,
      "rmse_original": 2.996826924670823,
      "rmse_calibrated": 0.678372033193195,
      "rmse_improvement_percent": 77.36365661931883,
      "bias_original": -2.9119411148609338,
      "bias_calibrated": 2.498517316854089e-13
    },
    "rain": {
      "samples": 8593,
      "forecast_mean": 0.08789712556732225,
      "forecast_std": 0.7169195318262318,
      "actual_mean": 0.008858373094379146,
      "actual_std": 0.061437524700685024,
      "scaling_factor": 0.08569654190364052,
      "mean_shift": -0.0790387524729431,
      "mae_original": 0.08613755382287908,
      "mae_calibrated": 0.011632839386466797,
      "mae_improvement_percent": 86.495043253275,
      "rmse_original": 0.7067697615693036,
      "rmse_calibrated": 0.07386659611244753,
      "rmse_improvement_percent": 89.54870452459159,
      "bias_original": -0.07903875247294309,
      "bias_calibrated": 2.97161987273113e-19
    },
    "wind_direction": {
      "samples": 8593,
      "forecast_mean": 167.70057023158384,
      "forecast_std": 118.39588854947488,
      "actual_mean": 189.60790178051903,
      "actual_std": 96.80848657857777,
      "scaling_factor": 0.8176676383329288,
      "mean_shift": 21.90733154893519,
      "mae_original": 115.43983009426277,
      "mae_calibrated": 101.12822832845175,
      "mae_improvement_percent": 12.397455673769473,
      "rmse_original": 148.13111251274248,
      "rmse_calibrated": 131.02867293422437,
      "rmse_improvement_percent": 11.545474335816468,
      "bias_original": 21.907331548935183,
      "bias_calibrated": -1.2277596346521549e-14
    },
    "wind_velocity": {
      "samples": 8593,
      "forecast_mean": 1.214276736878855,
      "forecast_std": 1.206644571996434,
      "actual_mean": 1.4648318398696614,
      "actual_std": 1.460877336060732,
      "scaling_factor": 1.2106939938773031,
      "mean_shift": 0.2505551029908064,
      "mae_original": 0.8134737577097638,
      "mae_calibrated": 0.852135292030411,
      "mae_improvement_percent": -4.752646776153427,
      "rmse_original": 1.1603126522400962,
      "rmse_calibrated": 1.214800440156187,
      "rmse_improvement_percent": -4.695957405178406,
      "bias_original": 0.25055510299080647,
      "bias_calibrated": 6.284330026506181e-17
    }
  }
}